"themes_name","rnk"
"12V","1"
"4 Juniors","1"
"4.5V","1"
"9V","1"
"Advent","1"
"Advent Sub-Set","1"
"Adventurers","1"
"Agents","1"
"Agori","1"
"Airjitzu","1"
"Airport","1"
"Alien Conquest","1"
"Alpha Team","1"
"An Unexpected Journey","1"
"Angry Birds","1"
"Animals","1"
"Aquanauts","1"
"Aquaraiders I","1"
"Aquaraiders II","1"
"Aquasharks","1"
"Aquazone","1"
"Architecture","1"
"Arctic","1"
"Arctic Technic","1"
"Atlantis","1"
"Avatar","1"
"Avengers","1"
"Barraki","1"
"Basic","1"
"Basic Model","1"
"Basic Set","1"
"Basketball","1"
"Batman","1"
"Battle Vehicles","1"
"Belville","1"
"Ben 10","1"
"Bionicle","1"
"Black Falcons","1"
"Black Knights","1"
"Blacktron I","1"
"Blacktron II","1"
"Boat","1"
"Bohrok","1"
"Bohrok-Kal","1"
"Bohrok Va","1"
"Books","1"
"Brickheadz","1"
"Bricktober","1"
"Building","1"
"Building Set with People","1"
"Bulk Bricks","1"
"Cargo","1"
"Cars","1"
"Castle","1"
"Chamber of Secrets","1"
"Christmas","1"
"City","1"
"Classic","1"
"Classic Basic","1"
"Classic Castle","1"
"Classic Space","1"
"Classic Town","1"
"Clikits","1"
"Coast Guard","1"
"Collectible Minifigures","1"
"Competition","1"
"Constraction","1"
"Construction","1"
"Control Lab","1"
"Control Lab","1"
"Cowboys","1"
"Creator","1"
"Creature","1"
"Crusaders","1"
"Dark Forest","1"
"Desert","1"
"Designer Sets","1"
"DFB Minifigures","1"
"Dimensions","1"
"Dino","1"
"Dino 2010","1"
"Dino Attack","1"
"Dino Island","1"
"Dinosaurs","1"
"Discovery","1"
"Disney","1"
"Disney's Mickey Mouse","1"
"Disney Princess","1"
"Divers","1"
"Drome Racers","1"
"Duplo","1"
"Easter","1"
"Educational and Dacta","1"
"eLAB","1"
"Elves","1"
"EV3","1"
"Exo-Force","1"
"Expert Builder","1"
"Exploriens","1"
"Extreme Team","1"
"Fabuland","1"
"Factory","1"
"Fairy-Tale","1"
"Fantasy Era","1"
"Farm","1"
"Ferrari","1"
"Ferries","1"
"Fire","1"
"FIRST LEGO League","1"
"Food & Drink","1"
"Forestmen","1"
"Freestyle","1"
"Friends","1"
"Fright Knights","1"
"Fusion","1"
"Futuron","1"
"Galaxy Squad","1"
"Game","1"
"Gas Station","1"
"Gear","1"
"Gears","1"
"Ghostbusters","1"
"Glatorian","1"
"Glatorian Legends","1"
"Goblet of Fire","1"
"Golden Land","1"
"Gravity Games","1"
"Guardians of the Galaxy","1"
"Halloween","1"
"Harbor","1"
"Harry Potter","1"
"Hero Factory","1"
"Heroes","1"
"HO 1:87 Vehicles","1"
"Hobby Sets","1"
"Hockey","1"
"Holiday","1"
"Homemaker","1"
"Hospital","1"
"Hydronauts","1"
"Ice Planet 2002","1"
"Imperial Armada","1"
"Imperial Soldiers","1"
"Indians","1"
"Insectoids","1"
"Inventor","1"
"Iron Man","1"
"Island Xtreme Stunts","1"
"Islanders","1"
"Jumbo Bricks","1"
"Jungle","1"
"Jungle Rescue","1"
"Juniors","1"
"Jurassic Park III","1"
"Jurassic World","1"
"Justice League","1"
"Key Chain","1"
"Kingdom of the Crystal Skull","1"
"Kingdoms","1"
"Knights Kingdom I","1"
"Knights Kingdom II","1"
"Lamborghini","1"
"Last Crusade","1"
"Launch Command","1"
"Learning","1"
"Legend Beasts","1"
"Legends of Chima","1"
"LEGO Brand Store","1"
"LEGO Exclusive","1"
"LEGO Ideas and CUUSOO","1"
"Legoland","1"
"Legoland Parks","1"
"Life On Mars","1"
"Lion Knights","1"
"M:Tron","1"
"Mars Mission","1"
"Marvel","1"
"Master Building Academy","1"
"Matoran of Light","1"
"Matoran of Mahri Nui","1"
"Matoran of Mata Nui","1"
"Matoran of Metru Nui","1"
"Matoran of Voya Nui","1"
"Mindstorms","1"
"Minecraft","1"
"Mini","1"
"Minifig Pack","1"
"Minitalia","1"
"Mission Deep Freeze","1"
"Mission Deep Sea","1"
"Mistika","1"
"Model","1"
"Model Team","1"
"Modular Buildings","1"
"Monster Fighters","1"
"Monthly Mini Model Build","1"
"Mosaic","1"
"My Own Creation","1"
"My Own Train","1"
"Nexo Knights","1"
"Ninja","1"
"Ninjago","1"
"NXT","1"
"Off-Road","1"
"Order of the Phoenix","1"
"Orient Expedition","1"
"Other","1"
"Outback","1"
"Paradisa","1"
"Phantoka","1"
"Pharaoh's Quest","1"
"Pick A Model","1"
"Piraka","1"
"Pirates","1"
"Pirates I","1"
"Pirates II","1"
"Pirates III","1"
"Pirates of the Caribbean","1"
"Planet Series 2","1"
"Planet Series 3","1"
"Planet Series 4","1"
"Playhouse","1"
"Playsets","1"
"Police","1"
"Post Office","1"
"Power Functions","1"
"Power Miners","1"
"Power Racers","1"
"Prince of Persia","1"
"Prisoner of Azkaban","1"
"Promotional","1"
"Protectors","1"
"Race","1"
"Racers","1"
"Radio Control","1"
"Rahaga","1"
"Rahi","1"
"Rahkshi","1"
"Raiders of the Lost Ark","1"
"RC Train","1"
"RCX","1"
"Recreation","1"
"Res-Q","1"
"Riding Cycle","1"
"RoboForce","1"
"RoboRiders","1"
"Robot","1"
"Rock Raiders","1"
"Royal Knights","1"
"Scala","1"
"Scooby-Doo","1"
"Sculptures","1"
"Seasonal","1"
"Series 1","1"
"Series 1 Minifigures","1"
"Series 10 Minifigures","1"
"Series 11 Minifigures","1"
"Series 12 Minifigures","1"
"Series 13 Minifigures","1"
"Series 14 Minifigures","1"
"Series 15 Minifigures","1"
"Series 16 Minifigures","1"
"Series 17 Minifigures","1"
"Series 2","1"
"Series 2 Minifigures","1"
"Series 3","1"
"Series 3 Minifigures","1"
"Series 4","1"
"Series 4 Minifigures","1"
"Series 5","1"
"Series 5 Minifigures","1"
"Series 6","1"
"Series 6 Minifigures","1"
"Series 7","1"
"Series 7 Minifigures","1"
"Series 8","1"
"Series 8 Minifigures","1"
"Series 9","1"
"Series 9 Minifigures","1"
"Service Packs","1"
"Skull Spiders","1"
"Skylines","1"
"Soccer","1"
"Soft Bricks","1"
"Sorcerer's Stone","1"
"Space","1"
"Space Police I","1"
"Space Police II","1"
"Space Police III","1"
"Space Port","1"
"Speed Champions","1"
"Speed Racer","1"
"Speed Slammers","1"
"Speedorz","1"
"Spider-Man","1"
"Spider-Man 2","1"
"SpongeBob SquarePants","1"
"Sports","1"
"Spybiotics","1"
"Spyrius","1"
"Star Wars","1"
"Star Wars Clone Wars","1"
"Star Wars Episode 1","1"
"Star Wars Episode 2","1"
"Star Wars Episode 3","1"
"Star Wars Episode 4/5/6","1"
"Star Wars Episode 7","1"
"Star Wars Episode 8","1"
"Star Wars Expanded Universe","1"
"Star Wars Expanded Universe","1"
"Star Wars Other","1"
"Star Wars Rebels","1"
"Star Wars Rogue One","1"
"Stars","1"
"Station","1"
"Stingrays","1"
"Studios","1"
"Super Heroes","1"
"Superman","1"
"Supplemental","1"
"Team GB","1"
"Technic","1"
"Teenage Mutant Ninja Turtles","1"
"Temple of Doom","1"
"Thanksgiving","1"
"The Battle of the Five Armies","1"
"The Desolation of Smaug","1"
"The Fellowship of the Ring","1"
"The Hobbit","1"
"The Hobbit","1"
"The Hobbit","1"
"The LEGO Movie","1"
"The LEGO Movie Series","1"
"The Lone Ranger","1"
"The Lord of the Rings","1"
"The Return of the King","1"
"The Simpsons","1"
"The Two Towers","1"
"Throwbot Slizer","1"
"Time Cruisers","1"
"Tiny Turbos","1"
"Titans","1"
"Toa","1"
"Toa Hagah","1"
"Toa Hordika","1"
"Toa Inika","1"
"Toa Mahri","1"
"Toa Metru","1"
"Toa Nuva","1"
"Toa Okoto","1"
"Tohunga","1"
"Town","1"
"Town Plan","1"
"Toy Story","1"
"Toy Story","1"
"Track System","1"
"Traffic","1"
"Train","1"
"Trains","1"
"Turaga","1"
"UFO","1"
"Ultimate Collector Series","1"
"Ultra Agents","1"
"Unitron","1"
"Universal Building Set","1"
"Universe","1"
"Vahki","1"
"Valentine","1"
"Vehicle","1"
"Vehicles","1"
"Vikings","1"
"Villains","1"
"Visorak","1"
"Warriors","1"
"WeDo","1"
"WesternÂ ","1"
"Williams F1","1"
"Wolfpack","1"
"World City","1"
"World Racers","1"
"X-Men","1"
"X-Pod","1"
"Xalax","1"
"Znap","1"
